Name,frequency
Ana,23
Marcelo,17
Rodrigo,16
Marcos,15
Rafael,14
Paulo,14
Anderson,12
Fernando,12
Maria,12
Luiz,12
Fabio,11
Felipe,11
Eduardo,11
Fernanda,10
Patricia,10
Ricardo,10
José,9
Diego,9
Simone,8
Daniel,8
Guilherme,8
Vanessa,8
Marcio,8
Tiago,8
Sergio,7
Leandro,7
Alex,7
Lucas,7
Thiago,7
Sandra,7
Carlos,7
Danilo,7
Pedro,6
Daniela,6
Adriana,6
Juliana,6
Henrique,6
Luciano,6
Alexandre,6
Bruna,6
Jose,6
Renata,6
Matheus,6
João,5
Bruno,5
Elaine,5
Bianca,5
Cristiane,5
Gustavo,5
Eliana,5
Andre,5
Luciana,5
Mauricio,5
Jorge,5
Vinicius,5
Vitor,5
Roberto,5
Joao,5
Katia,5
Leticia,5
Aline,5
Gilberto,4
Paula,4
Angela,4
Lilian,4
Rogerio,4
Diogo,4
Alan,4
Michele,4
Reinaldo,4
Thais,4
Cristina,4
Jaqueline,4
Renato,4
Rose,4
Eliane,4
Douglas,4
Claudio,4
Erika,4
Amanda,4
Junior,4
Flavio,4
Fabiana,4
Leonardo,4
Adriano,4
Andreia,4
Antonio,4
Marcia,4
Francisco,4
Gabriel,4
Vera,3
Alexandra,3
Marta,3
Wellington,3
Ane,3
Edson,3
Arthur,3
Priscila,3
rosangela,3
Larissa,3
Denis,3
Valeria,3
Luan,3
Luana,3
paulo,3
Natalia,3
David,3
Mariana,3
Regina,3
carlos,3
Jefferson,3
jorge,3
Everton,3
Monica,3
Ivan,3
Gil,3
Luis,3
Cristiano,3
Ailton,3
André,3
Robson,3
Evelyn,3
Kleber,3
Beatriz,3
Vanderlei,3
Rosemeire,3
Carolina,3
Adilson,3
Alessandra,3
Fábio,3
Suelen,3
Sheila,3
Milena,3
Rosana,3
Kevin,3
Emerson,3
Tania,3
Marco,3
Mario,3
silvana,3
Sidnei,3
Rosa,3
Sarah,3
Nilton,3
Rubens,3
Barbara,2
nilson,2
Rosangela,2
Kelly,2
DANIEL,2
Prof.,2
Daisy,2
Pablo,2
vanessa,2
Andrea,2
Débora,2
Vitória,2
Gabriela,2
CARLA,2
Andreza,2
Letícia,2
Gislaine,2
Márcio,2
Mateus,2
Roger,2
Selma,2
Vivian,2
Cicero,2
Samuel,2
Auto,2
Michelle,2
Peterson,2
J,2
junior,2
Silvia,2
ana,2
Dayana,2
Priscilla,2
Andressa,2
Josue,2
Alessandro,2
Edna,2
Debora,2
Dorival,2
Lucia,2
eduardo,2
Humberto,2
Reginaldo,2
Joice,2
Mark,2
Anselmo,2
Juliano,2
Vanda,2
Elias,2
leandro,2
Yvan,2
Cláudia,2
Christiane,2
antonio,2
Samira,2
Cleiton,2
Márcia,2
Denise,2
Cibele,2
Wilson,2
Lucilene,2
Cesar,2
Dimas,2
Washington,2
Moises,2
Silvio,2
Carla,2
Igor,2
Clayton,2
Rebeca,2
Elizabeth,2
Bia,2
Sandro,2
Filipe,2
MARCOS,2
Caroline,2
Dani,2
Celso,2
Mayara,2
Raul,2
Milo,2
Demetrius,2
Giovanna,2
Adailton,2
Karla,2
sandro,2
Manuel,2
Danielle,2
William,2
Camila,2
Gabi,2
sergio,2
Abigail,2
Viviane,2
DeH,1
Chiko,1
Flávio,1
WRS,1
Cheiro,1
alvarobaptista,1
doutor,1
Marilda,1
Joslaine,1
jardiane,1
Angelo,1
Joilson,1
Marilene,1
Elis,1
Andy,1
Giovane,1
G.L,1
Eneas,1
Serginho,1
Michel,1
Katy,1
Jacinto,1
Osmilton,1
Mayelen,1
Helen,1
TALITA,1
Valdir,1
Hellen,1
MOTORLIFE,1
Magno,1
ALEXANDRE,1
Cleikson,1
cristiane,1
HENRIQUE,1
Thamires,1
JEAN,1
Fabiano,1
diego,1
Thomaz,1
daniela,1
Dione,1
Magda,1
Jackeline,1
Rudi,1
Yuji,1
Anahy,1
andre,1
Dirceu,1
Oriomar,1
Renan,1
Fabrizio,1
Salvador,1
Cintia,1
Wiliam,1
Humana,1
Giulian,1
Walkiria,1
Nayon,1
Naiana,1
claudinei,1
Yoshio,1
Antonieta,1
Victor,1
Ribeiro,1
Floripes,1
Roniele,1
Lia,1
body-guard,1
Edenilson,1
AnaLucia,1
Sol,1
alan,1
Josafath,1
Rivelino,1
sandra,1
Evaldo,1
Gercy,1
Giulliano,1
CRITICAL,1
Sensei,1
Assis,1
Marcony,1
Moisés,1
Taty,1
Cássia,1
sibele,1
Elvio,1
Elson,1
SMTPRINTER,1
Gislene,1
Juraci,1
Pri,1
Danielly,1
Antonia,1
Zilma,1
Max,1
Robison,1
Studio,1
Claudemiro,1
SAMUKA,1
Marijara,1
Ayra,1
Jclaudio.,1
Karem,1
Alecsandro,1
Jandira,1
Laura,1
Ribs,1
DCriartes,1
Neuza,1
Cecilia,1
Gui,1
Jenifer,1
pedro,1
Mendes,1
Pr.Pierre,1
Ivone,1
Ernani,1
Samantha,1
Pamoreninha,1
Keity,1
Vilma,1
Alisson,1
Fabrício,1
ADOLFO,1
JULIANA,1
Leme,1
SEX,1
jubs,1
Cássio,1
Zeca,1
Bárbara,1
Raimundo,1
Sebastião,1
ricardo,1
Venildo,1
Celio,1
Cleidiane,1
Jailma,1
Sherlon,1
Tércia,1
Ed,1
Ianne,1
Gilmar,1
maria,1
Jander,1
claudio,1
Kᴇʟʟʏ.,1
M.9,1
Reynaldo,1
arthur,1
josé,1
Ester,1
Roseley,1
Andréa,1
Denilson,1
Jennifer,1
Juleine,1
Canal,1
Phaola,1
Lefagon,1
REGUEZA,1
marcelina,1
Nelito,1
Iara,1
Charles,1
Valdeir,1
claudia,1
Alves,1
Arquimedes,1
leodora,1
Welinton,1
Tamires,1
graziela,1
Marcello,1
martilho,1
Roberta,1
Joyce,1
Erik,1
Acampando,1
ANA,1
Josely,1
renato,1
Vladimir,1
Games,1
julianna,1
Raniery,1
Guiarony,1
Martha,1
Nicola,1
skank566,1
Mary,1
Sonia,1
Lisandra,1
Laís,1
Elza,1
Osmair,1
Crossover,1
Fernandinho,1
Paty,1
Virginia,1
novo,1
Favero,1
Cleyton,1
ISRAEL,1
Sorae,1
Re2014,1
ulisses,1
Idiarte,1
Aneliza,1
Ferry,1
REMAX,1
Laleska,1
Aloisio,1
EMERSON,1
Thayna,1
Luh,1
ICM,1
Agatha,1
Lara,1
Kauê,1
Vânia,1
Eladio,1
snebur,1
EDileuza,1
Éslei,1
Nair,1
Mano,1
Ariane,1
arimatel,1
Desyrré,1
Mexida_parts,1
Jessilin,1
Angelina,1
Charlenne,1
robson,1
Susan,1
Ivaldo,1
orlando,1
DAIANNE,1
Ben,1
Maribel,1
Roseli,1
RR,1
Fátima,1
valmir,1
Elisete,1
James,1
Keila,1
viajeagoracomigo,1
Rovessa,1
Ulrich,1
victor,1
Viviani,1
Gessica,1
Tales,1
gustavao0103,1
denis,1
Mikéyas,1
Maiara,1
marcelo,1
Fiat,1
Kalianna,1
Wilton,1
SARA,1
Milla,1
Hiroki,1
Erica,1
Everson,1
megbkubo,1
Thebaskoo,1
Sidinei,1
Magaiver,1
Vigia,1
Clayde,1
paula,1
lia,1
Irene,1
Cleber,1
Fatinanzi,1
Daniele,1
Daiani,1
nivaldo,1
Higor,1
Sândalo,1
Jessica,1
Lucielma,1
josy,1
Ágata,1
H,1
marcio,1
Jhon,1
vilma,1
Nazinha,1
Ireldo,1
Rayssa,1
Gilson,1
Herdine,1
Juliane,1
SIMIONATO,1
Marili,1
Mircas001's,1
patricia,1
Su,1
Josirlei,1
Oede,1
cleiton,1
Tamar,1
Marcus,1
kellybellon,1
Galdino,1
Lucineia,1
Dr.,1
Mislene,1
gabi,1
Laura.mantia,1
Betty,1
claudenir,1
Thianne,1
JOSE,1
Noedirf,1
Alefe,1
Ellen,1
sandrino,1
Cleide,1
Leo,1
Clarice,1
FAMÍLIA,1
ARROW,1
Giovani,1
Altairjoao,1
Analia,1
Karen,1
Suh,1
Saahh,1
Angélica,1
#chji,1
Marconne,1
Kátia,1
Ligia,1
michele,1
Claudineia,1
Estefane,1
MUCIO,1
fabiola,1
Jan,1
Wesley,1
rodney,1
alexandre,1
sonia,1
Ariele,1
Tom,1
Acácio,1
APBL,1
Hércules,1
Anita,1
Henry,1
Rubaiyat,1
Katiuscia,1
Agnaldo,1
silvia,1
Marcao,1
Jonathan,1
Leonard,1
Anayan,1
eleni,1
F,1
Turismo,1
Christian,1
JeanZin,1
Elizandra,1
Safira,1
Tanyse,1
Rosely,1
Elisabeth,1
Sueli,1
Claudinei,1
Animaker,1
Salatir,1
Edi,1
Janaina,1
Jéssica,1
Joelma,1
Julia,1
Família,1
Milton,1
Andreas,1
SHIRÁ,1
Ademir,1
Juart,1
O,1
Taike,1
Suellen,1
Rosimeyre,1
Rosecléia,1
Almir,1
Moacir,1
Elisandra,1
jose,1
Nádia,1
Rubinho,1
jussara,1
elisangela,1
isabel,1
Stam,1
Shirley,1
Steff,1
Josecarlos,1
Bel,1
Sabrina,1
nica,1
Fabiola,1
Zé,1
Amaury,1
Khethulley,1
Motofaturca,1
dilma,1
Orlandini,1
Marcella,1
Tamiris,1
Volei,1
Cláudio,1
Edevaldo,1
Denilda,1
Claus,1
Kaique,1
Cleuza,1
Mirella,1
Suely,1
Leila,1
Celia,1
VIVENDO,1
Tatiana,1
Natan,1
Margareth,1
Silvana,1
Marlene,1
·,1
Michely,1
Cátia,1
Martin,1
Thairony,1
Deivid,1
Waldemir,1
Arquiteto,1
Cleison,1
Thays,1
Arthursousa,1
EVANDERSON,1
Richard,1
E,1
Lindineide,1
Matias,1
Thainara,1
Camile,1
PABLO,1
edison,1
Andreildes,1
Tânia,1
Aldemir,1
POLACKA,1
IVONETE,1
Edesio,1
ALLAN,1
Fred,1
Walter,1
Heitor,1
Isaias,1
rinaldo,1
julio,1
Psicóloga,1
Wyctor,1
Elliethy,1
Izah,1
JAMES,1
Zilda,1
rejane,1
Sem,1
Cristhian,1
Personal,1
Aventura,1
Ronald,1
Giselle,1
Solange,1
Dreicy,1
Felipy,1
Pezão77,1
Cleovania,1
"Bruna,",1
Andrielle,1
Adagilzon,1
rogerio,1
Tharles,1
izaquiel,1
Edvan,1
Fran,1
Ines,1
edson,1
Soraya,1
Ivanilda,1
nadir,1
Djalma,1
Alberto,1
Dai,1
Roseneti,1
sirLuis,1
Ivete,1
Rene,1
mauricio,1
sabrina,1
samuel,1
Duda,1
Marcele,1
Rodolfo,1
Nicole,1
INTERPLACE,1
Edmilson,1
Josenildo,1
Cheirinho,1
Grazielle,1
Felippe,1
Sérgio,1
Dan,1
Jéssika,1
Ulisses,1
Jayza,1
erico,1
HotRed,1
Raquel,1
Feul,1
Conceição,1
wellington,1
Sushine,1
emerson,1
Elisangela,1
SUELI,1
Jorlanda,1
Ketury,1
Rafaelo,1
Jeanlucca,1
Maryah,1
Artur,1
Sidney,1
Jeniffer,1
monalisa,1
Centro,1
Luciane,1
Stefanya,1
Kielblock,1
Emanuel,1
Luck,1
Heloisa,1
Jeferson,1
Lidio,1
Eu,1
Ivo,1
Clovis,1
Vinícius,1
Nathalia,1
Alexsandro,1
Arthdrone,1
Lari,1
Chandra,1
Milene,1
Luizinho,1
Zenilce,1
ednardo,1
josiel,1
helcio,1
Décio,1
ronaldo,1
Manoel,1
emidio,1
Helena,1
RICARDO,1
Rawesller,1
MONY2020,1
Jussara,1
Neurimar,1
Enzo,1
JaqueGS2,1
Fuji,1
amanda,1
Yco,1
Rosemary,1
Li,1
nice,1
Kombi,1
Benedito,1
Jura,1
wagnerwja,1
mariolucio,1
ALEX,1
ANICETO,1
Ronaldo,1
Gabriella,1
Micha_ex,1
Keli,1
Crist,1
Marcela,1
Aldeia,1
Léo,1
Heloísa,1
Maicon,1
Thayron,1
Cozinha,1
Zazá,1
Rafaella,1
Eunice,1
priscila,1
Rita,1
Murillo,1
Gerson,1
Elizabete,1
tiaguinho,1
Miriam,1
Pai,1
Lorena,1
kayo,1
Marcola,1
GustavoTBR,1
Iam,1
Jairo,1
fabio,1
Jael,1
Everaldo,1
Elenildo,1
Joara,1
Brunojoaquim,1
Jomar,1
Dilca,1
henrique,1
Queila,1
Jovani,1
Neide,1
Cleberson,1
Murilo,1
Michela,1
Tatiane,1
Elcio,1
Raildo,1
william,1
Liliana,1
Wangri,1
Pamela,1
Mauro,1
Tayná,1
Heber,1
BARBOSA,1
Eliseu,1
Guto,1
josibele,1
Deley,1
wagner,1
IGOR,1
Donadelli,1
Deise,1
amor,1
Cinthia,1
Limão,1
Iris,1
Anali,1
Nalva,1
Rogério,1
Ralph,1
Aparecida,1
Ari,1
Itala,1
Vivi,1
fernanda,1
Feliks,1
willian,1
Francielle,1
Iane,1
Gisele,1
Fabíola,1
Nilse,1
grecco,1
marcela,1
Dorta,1
Tere,1
Eder,1
bruno,1
César,1
Jaime,1
Will,1
Waldires,1
Genoveva,1
francisco,1
Estética,1
Fael,1
